Family,TF,AGI,gene_name,motif
ABI3VP1,AT5G18090,AT5G18090,NA,ABI3VP1_tnt.AT5G18090_col_a_m1
ABI3VP1,AT5G60130,AT5G60130,NA,ABI3VP1_tnt.AT5G60130_col_a_m1
ABI3VP1,FUS3,AT3G26790,"FUS3,FUSCA3",ABI3VP1_tnt.FUS3_col_a_m1
ABI3VP1,REM16,AT4G33280,REM16,ABI3VP1_tnt.REM16_col_a_m1
ABI3VP1,VRN1,AT3G18990,"REM39,VRN1",ABI3VP1_tnt.VRN1_col_a_m1
AP2EREBP,ABR1,AT5G64750,ABR1,AP2EREBP_tnt.ABR1_col_a_m1
AP2EREBP,AT1G01250,AT1G01250,NA,AP2EREBP_tnt.AT1G01250_col_a_m1
AP2EREBP,AT1G12630,AT1G12630,NA,AP2EREBP_tnt.AT1G12630_col_a_m1
AP2EREBP,AT1G19210,AT1G19210,NA,AP2EREBP_tnt.At1g19210_col_a_m1
AP2EREBP,AT1G22810,AT1G22810,NA,AP2EREBP_tnt.At1g22810_col_m1
AP2EREBP,AT1G28160,AT1G28160,NA,AP2EREBP_tnt.AT1G28160_col_a_m1
AP2EREBP,AT1G36060,AT1G36060,NA,AP2EREBP_tnt.At1g36060_col_a_m1
AP2EREBP,AT1G44830,AT1G44830,NA,AP2EREBP_tnt.AT1G44830_col_a_m1
AP2EREBP,AT1G71450,AT1G71450,NA,AP2EREBP_tnt.AT1G71450_col_a_m1
AP2EREBP,AT1G75490,AT1G75490,NA,AP2EREBP_tnt.At1g75490_col_a_m1
AP2EREBP,AT1G77200,AT1G77200,NA,AP2EREBP_tnt.AT1G77200_col_a_m1
AP2EREBP,AT1G77640,AT1G77640,NA,AP2EREBP_tnt.At1g77640_col_a_m1
AP2EREBP,AT2G33710,AT2G33710,NA,AP2EREBP_tnt.At2g33710_col_m1
AP2EREBP,AT2G44940,AT2G44940,NA,AP2EREBP_tnt.At2g44940_col_a_m1
AP2EREBP,AT3G16280,AT3G16280,NA,AP2EREBP_tnt.AT3G16280_col_a_m1
AP2EREBP,AT3G57600,AT3G57600,NA,AP2EREBP_tnt.AT3G57600_col_a_m1
AP2EREBP,AT4G16750,AT4G16750,NA,AP2EREBP_tnt.At4g16750_col_a_m1
AP2EREBP,AT4G18450,AT4G18450,NA,AP2EREBP_tnt.AT4G18450_col_a_m1
AP2EREBP,AT4G28140,AT4G28140,NA,AP2EREBP_tnt.At4g28140_col_a_m1
AP2EREBP,AT4G31060,AT4G31060,NA,AP2EREBP_tnt.At4g31060_col_a_m1
AP2EREBP,AT4G32800,AT4G32800,NA,AP2EREBP_tnt.At4g32800_col_m1
AP2EREBP,AT5G18450,AT5G18450,NA,AP2EREBP_tnt.At5g18450_col_a_m1
AP2EREBP,AT5G65130,AT5G65130,NA,AP2EREBP_tnt.At5g65130_col_a_m1
AP2EREBP,AT5G67000,AT5G67000,NA,AP2EREBP_tnt.At5g67000_col_a_m1
AP2EREBP,CBF1,AT4G25490,"CBF1,DREB1B",AP2EREBP_tnt.CBF1_col_a_m1
AP2EREBP,CBF2,AT4G25470,"CBF2,DREB1C,FTQ4",AP2EREBP_tnt.CBF2_col_a_m1
AP2EREBP,CBF3,AT4G25480,"CBF3,DREB1A",AP2EREBP_tnt.CBF3_col_a_m1
AP2EREBP,CBF4,AT5G51990,"CBF4,DREB1D",AP2EREBP_tnt.CBF4_col_a_m1
AP2EREBP,CEJ1,AT3G50260,"ATERF#011,CEJ1,DEAR1",AP2EREBP_tnt.CEJ1_col_a_m1
AP2EREBP,CRF10,AT1G68550,CRF10,AP2EREBP_tnt.CRF10_col100_a_m1
AP2EREBP,CRF4,AT4G27950,CRF4,AP2EREBP_tnt.CRF4_col_a_m1
AP2EREBP,DDF1,AT1G12610,DDF1,AP2EREBP_tnt.DDF1_col_a_m1
AP2EREBP,DDF2,AT1G63030,"ddf2,",AP2EREBP_tnt.DDF2_col_a_m1
AP2EREBP,DEAR2,AT5G67190,DEAR2,AP2EREBP_tnt.DEAR2_col_a_m1
AP2EREBP,DEAR3,AT2G23340,DEAR3,AP2EREBP_tnt.DEAR3_col_a_m1
AP2EREBP,DEAR5,AT4G06746,"DEAR5,RAP2.9",AP2EREBP_tnt.DEAR5_col_a_m1
AP2EREBP,DREB19,AT2G38340,DREB19,AP2EREBP_tnt.DREB19_col_a_m1
AP2EREBP,DREB2,AT5G05410,"DREB2,DREB2A",AP2EREBP_tnt.DREB2_col_a_m1
AP2EREBP,DREB26,AT1G21910,DREB26,AP2EREBP_tnt.DREB26_col_a_m1
AP2EREBP,ERF1,AT3G23240,ERF1,AP2EREBP_tnt.ERF1_col_a_m1
AP2EREBP,ERF10,AT1G03800,ERF10,AP2EREBP_tnt.ERF10_col_a_m1
AP2EREBP,ERF104,AT5G61600,ERF104,AP2EREBP_tnt.ERF104_col_a_m1
AP2EREBP,ERF105,AT5G51190,ERF105,AP2EREBP_tnt.ERF105_col_m1
AP2EREBP,ERF11,AT1G28370,ERF11,AP2EREBP_tnt.ERF11_col_b_m1
AP2EREBP,ERF115,AT5G07310,ERF115,AP2EREBP_tnt.ERF115_col_a_m1
AP2EREBP,ERF13,AT2G44840,ERF13,AP2EREBP_tnt.ERF13_col_b_m1
AP2EREBP,ERF15,AT2G31230,ERF15,AP2EREBP_tnt.ERF15_col_m1
AP2EREBP,ERF2,AT5G47220,ERF2,AP2EREBP_tnt.ERF2_col_a_m1
AP2EREBP,ERF3,AT1G50640,ERF3,AP2EREBP_tnt.ERF3_col_a_m1
AP2EREBP,ERF38,AT2G35700,ERF38,AP2EREBP_tnt.ERF38_col_a_m1
AP2EREBP,ERF4,AT3G15210,"ERF4,RAP2.5",AP2EREBP_tnt.ERF4_col_a_m1
AP2EREBP,ERF48,AT2G40340,"ERF48,DREB2C",AP2EREBP_tnt.ERF48_col_a_m1
AP2EREBP,ERF5,AT5G47230,ERF5,AP2EREBP_tnt.ERF5_col_a_m1
AP2EREBP,ERF6,AT4G17490,ERF6,AP2EREBP_tnt.ERF6_col_m1
AP2EREBP,ERF7,AT3G20310,ERF7,AP2EREBP_tnt.ERF7_col_a_m1
AP2EREBP,ERF73,AT1G72360,ERF73,AP2EREBP_tnt.ERF73_col_a_m1
AP2EREBP,ERF8,AT1G53170,ERF8,AP2EREBP_tnt.ERF8_col_a_m1
AP2EREBP,ERF9,AT5G44210,ERF9,AP2EREBP_tnt.ERF9_col_a_m1
AP2EREBP,ESE1,AT3G23220,ESE1,AP2EREBP_tnt.ESE1_col_a_m1
AP2EREBP,ESE3,AT5G25190,ESE3,AP2EREBP_tnt.ESE3_col_a_m1
AP2EREBP,LEP,AT5G13910,LEP,AP2EREBP_tnt.LEP_col_a_m1
AP2EREBP,PUCHI,AT5G18560,PUCHI,AP2EREBP_tnt.PUCHI_col_a_m1
AP2EREBP,RAP21,AT1G46768,RAP2.1,AP2EREBP_tnt.RAP21_col_a_m1
AP2EREBP,RAP210,AT5G52020,Rap2.10,AP2EREBP_tnt.Rap210_col_a_m1
AP2EREBP,RAP211,AT5G19790,RAP2.11,AP2EREBP_tnt.RAP211_col_a_m1
AP2EREBP,RAP212,AT1G53910,RAP2.12,AP2EREBP_tnt.RAP212_col_a_m1
AP2EREBP,RAP26,AT1G43160,RAP2.6,AP2EREBP_tnt.RAP26_col_a_m1
AP2EREBP,RRTF1,AT4G34410,"RRTF1,Rap2.12",AP2EREBP_tnt.RRTF1_col_a_m1
AP2EREBP,SHN3,AT5G11190,"SHINE3,SHN3",AP2EREBP_tnt.SHN3_col_a_m1
AP2EREBP,TINY,AT5G25810,TINY,AP2EREBP_tnt.TINY_col_a_m1
ARF,ARF16,AT4G30080,ARF16,ARF_tnt.ARF16_col_b_m1
ARF,NA,AT1G19850,"ARF5,IAA24,MP",ARF_ecoli.MP_col_m1
ARID,AT1G04880,AT1G04880,NA,ARID_tnt.AT1G04880_col_a_m1
BBRBPC,BPC1,AT2G01930,"BBR,BPC1",BBRBPC_tnt.BPC1_col_a_m1
BBRBPC,BPC5,AT4G38910,BPC5,BBRBPC_tnt.BPC5_col_a_m1
BBRBPC,BPC6,AT5G42520,BPC6,BBRBPC_tnt.BPC6_col_a_m1
BES1,BAM8,AT5G45300,"BAM8,BMY2",BES1_tnt.BAM8_col_a_m1
bHLH,BHLH10,AT2G31220,AtbHLH10,bHLH_tnt.bHLH10_col_a_m1
bHLH,BHLH104,AT4G14410,AtbHLH104,bHLH_tnt.bHLH104_col_b_m1
bHLH,BHLH157,AT1G64625,AtbHLH157,bHLH_tnt.bHLH157_col_a_m1
bHLH,BHLH18,AT2G22750,AtbHLH18,bHLH_tnt.bHLH18_col_a_m1
bHLH,BHLH31,AT1G59640,"AtbHLH31,BPE,BPEP,BPEUB,ZCW32",bHLH_tnt.bHLH31_col_m1
bHLH,BHLH34,AT3G23210,AtbHLH34,bHLH_tnt.bHLH34_col_m1
bHLH,BHLH69,AT4G30980,AtbHLH69,bHLH_tnt.bHLH69_col_a_m1
bHLH,BHLH74,AT1G10120,AtbHLH74,bHLH_tnt.bHLH74_col_a_m1
bHLH,BHLH77,AT3G23690,AtbHLH77,bHLH_tnt.bHLH77_col_a_m1
bHLH,BIM1,AT5G08130,"AtbHLH46,BIM1",bHLH_tnt.BIM1_col_a_m1
bHLH,BIM2,AT1G69010,"AtbHLH102,BIM2",bHLH_tnt.BIM2_col_v3b_m1
bHLH,BIM3,AT5G38860,"AtbHLH141,BIM3",bHLH_tnt.BIM3_col_a_m1
bHLH,PIF7,AT5G61270,"AtbHLH72,PIF7",bHLH_tnt.PIF7_col_a_m1
BSD,AT1G10720,AT1G10720,NA,BSD_tnt.AT1G10720_col_a_m1
bZIP,ABF2,AT1G45249,NA,bZIP_tnt.ABF2_col_v3a_m1
bZIP,ABI5,AT2G36270,NA,bZIP_tnt.ABI5_col_v3h_m1
bZIP,AREB3,AT3G56850,NA,bZIP_tnt.AREB3_col_v31_m1
bZIP,BZIP16,AT2G35530,NA,bZIP_tnt.bZIP16_col_v3a_m1
bZIP,BZIP28,AT3G10800,BZIP28,bZIP_tnt.bZIP28_col_a_m1
bZIP,BZIP3,AT5G15830,AtbZIP3,bZIP_tnt.bZIP3_col_a_m1
bZIP,BZIP42,AT3G30530,ATBZIP42,bZIP_tnt.bZIP42_col_a_m1
bZIP,BZIP43,AT5G38800,AtbZIP43,bZIP_tnt.bZIP43_col_a_m1
bZIP,BZIP44,AT1G75390,NA,bZIP_tnt.bZIP44_col_m1
bZIP,BZIP48,AT2G04038,AtbZIP48,bZIP_tnt.bZIP48_col_a_m1
bZIP,BZIP53,AT3G62420,NA,bZIP_tnt.bZIP53_col_m1
bZIP,BZIP68,AT1G32150,bZIP68,bZIP_tnt.bZIP68_col_a_m1
bZIP,GBF3,AT2G46270,NA,bZIP_tnt.GBF3_col_m1
bZIP,GBF5,AT2G18160,NA,bZIP_tnt.GBF5_col_v3a_m1
bZIP,GBF6,AT4G34590,NA,bZIP_tnt.GBF6_col_m1
bZIP,TGA1,AT5G65210,NA,bZIP_tnt.TGA1_col_m1
bZIP,TGA10,AT5G06839,"bZIP65,TGA10",bZIP_tnt.TGA10_col_a_m1
bZIP,TGA2,AT5G06950,NA,bZIP_tnt.TGA2_col_m1
bZIP,TGA3,AT1G22070,NA,bZIP_tnt.TGA3_col_m1
bZIP,TGA4,AT5G10030,"OBF4, OBF4/TGA4, TGA4",bZIP_tnt.TGA4_col_a_m1
bZIP,TGA5,AT5G06960,NA,bZIP_tnt.TGA5_col_v3a_m1
bZIP,TGA6,AT3G12250,"BZIP45, TGA6",bZIP_tnt.TGA6_col_a_m1
bZIP,TGA9,AT1G08320,"bZIP21,TGA9",bZIP_tnt.TGA9_col_a_m1
BZR,AT1G78700,AT1G78700,NA,BZR_tnt.At1g78700_col_a_m1
BZR,AT4G18890,AT4G18890,NA,BZR_tnt.At4g18890_col_a_m1
BZR,AT4G36780,AT4G36780,NA,BZR_tnt.At4g36780_col_a_m1
BZR,BZR1,AT1G75080,BZR1,BZR_tnt.BZR1_col_a_m1
C2C2COlike,AT4G27900,AT4G27900,NA,C2C2COlike_tnt.AT4G27900_col_a_m1
C2C2COlike,AT5G59990,AT5G59990,NA,C2C2COlike_tnt.AT5G59990_col_a_m1
C2C2dof,ADOF1,AT1G51700,ADOF1,C2C2dof_tnt.Adof1_col_a_m1
C2C2dof,AT1G64620,AT1G64620,NA,C2C2dof_tnt.At1g64620_100ng20cy_b_m1
C2C2dof,AT1G69570,AT1G69570,NA,C2C2dof_tnt.AT1G69570_col_a_m1
C2C2dof,AT2G28810,AT2G28810,NA,C2C2dof_tnt.AT2G28810_col_a_m1
C2C2dof,AT3G45610,AT3G45610,NA,C2C2dof_tnt.At3g45610_col_a_m1
C2C2dof,AT4G38000,AT4G38000,NA,C2C2dof_tnt.At4g38000_col_a_m1
C2C2dof,AT5G02460,AT5G02460,NA,C2C2dof_tnt.AT5G02460_col_a_m1
C2C2dof,AT5G62940,AT5G62940,NA,C2C2dof_tnt.At5g62940_col_a_m1
C2C2dof,AT5G66940,AT5G66940,NA,C2C2dof_tnt.AT5G66940_col_a_m1
C2C2dof,CDF3,AT3G47500,CDF3,C2C2dof_tnt.CDF3_col_a_m1
C2C2dof,COG1,AT1G29160,COG1,C2C2dof_tnt.COG1_col_a_m1
C2C2dof,DAG2,AT2G46590,DAG2,C2C2dof_tnt.DAG2_col_a_m1
C2C2dof,DOF24,AT2G37590,DOF2.4,C2C2dof_tnt.dof24_col_a_m1
C2C2dof,DOF42,AT4G21030,DOF4.2,C2C2dof_tnt.dof42_col_a_m1
C2C2dof,OBP1,AT3G50410,OBP1,C2C2dof_tnt.OBP1_col_a_m1
C2C2dof,OBP3,AT3G55370,OBP3,C2C2dof_tnt.OBP3_col_a_m1
C2C2dof,OBP4,AT5G60850,OBP4,C2C2dof_tnt.OBP4_col_a_m1
C2C2gata,GATA1,AT3G24050,GATA-1,C2C2gata_tnt.GATA1_col_a_m1
C2C2gata,GATA15,AT3G06740,GATA-15,C2C2gata_tnt.GATA15_col_b_m1
C2C2gata,GATA16,AT5G49300,GATA-16,C2C2gata_tnt.GATA16_col_a_m1
C2C2gata,ZIM,AT4G24470,"TIFY1,ZIM",C2C2gata_tnt.ZIM_col_a_m1
C2C2gata,ZML1,AT3G21175,"GATA-24,TIFY2B,ZML1",C2C2gata_tnt.ZML1_col_a_m1
C2C2gata,ZML2,AT1G51600,"TIFY2A,ZML2",C2C2gata_tnt.ZML2_col_a_m1
C2H2,AT1G14580,AT1G14580,NA,C2H2_tnt.At1g14580_col_a_m1
C2H2,AT2G15740,AT2G15740,NA,C2H2_tnt.AT2G15740_col_a_m1
C2H2,AT2G48100,AT2G48100,NA,C2H2_tnt.At2g48100_col_b_m1
C2H2,AT3G46070,AT3G46070,NA,C2H2_tnt.AT3G46070_col_a_m1
C2H2,AT4G26030,AT4G26030,NA,C2H2_tnt.AT4G26030_col_a_m1
C2H2,AT5G22990,AT5G22990,NA,C2H2_tnt.AT5G22990_col_a_m1
C2H2,ATIDD11,AT3G13810,AtIDD11,C2H2_tnt.AtIDD11_col_a_m1
C2H2,IDD2,AT3G50700,AtIDD2,C2H2_tnt.IDD2_col_a_m1
C2H2,IDD4,AT2G02080,AtIDD4,C2H2_tnt.IDD4_col_a_m1
C2H2,IDD5,AT2G02070,AtIDD5,C2H2_tnt.IDD5_col_m1
C2H2,IDD7,AT1G55110,AtIDD7,C2H2_tnt.IDD7_col_a_m1
C2H2,JKD,AT5G03150,JKD,C2H2_tnt.JKD_col_a_m1
C2H2,MGP,AT1G03840,MGP,C2H2_tnt.MGP_col_a_m1
C2H2,NUC,AT5G44160,NUC,C2H2_tnt.NUC_col_a_m1
C2H2,SGR5,AT2G01940,"ATIDD15,SGR5",C2H2_tnt.SGR5_col_a_m1
C2H2,TF3A,AT1G72050,TF3A,C2H2_tnt.TF3A_col_a_m1
C3H,AT1G70910,AT1G70910,NA,C3H_tnt.At1g70910_col_a_m1
C3H,AT1G74370,AT1G74370,NA,C3H_tnt.At1g74370_col_a_m1
C3H,AT5G08750,AT5G08750,NA,C3H_tnt.At5g08750_col_a_m1
C3H,AT5G63260,AT5G63260,NA,C3H_tnt.AT5G63260_col_a_m1
CAMTA,CAMTA1,AT5G09410,"AtCAMTA1,EICBP.B",CAMTA_tnt.CAMTA1_col_a_m1
CAMTA,CAMTA5,AT4G16150,AtCAMTA5,CAMTA_tnt.CAMTA5_col_a_m1
E2FDP,DEL1,AT3G48160,"DEL1,E2FE,E2FF,E2L3",E2FDP_tnt.DEL1_col_a_m1
E2FDP,DEL2,AT5G14960,"DEL2,E2FD,E2L1",E2FDP_tnt.DEL2_col_a_m1
FAR1,FAR1,AT4G15090,FAR1,FAR1_tnt.FAR1_col_a_m1
FHA,FHA2,AT3G07220,FHA2,FHA_tnt.FHA2_col_b_m1
G2like,AT3G13040,AT3G13040,NA,G2like_tnt.At3g13040_col_b_m1
GeBP,AT4G00250,AT4G00250,NA,GeBP_tnt.AT4G00250_col_a_m1
HMG,3XHMGBOX1,AT4G11080,3XHMG-BOX1,HMG_tnt.3XHMGBOX1_col_a_m1
HSF,HSF7,AT4G11660,"HSF7,HSFB2B",HSF_tnt.HSF7_col_a_m1
LOBAS2,AS2,AT1G65620,AS2,LOBAS2_tnt.AS2_col_a_m1
LOBAS2,ASL18,AT2G42430,"ASL18,LBD16",LOBAS2_tnt.ASL18_col_a_m1
LOBAS2,LBD13,AT2G30340,LBD13,LOBAS2_tnt.LBD13_col_a_m1
LOBAS2,LBD18,AT2G45420,LBD18,LOBAS2_tnt.LBD18_col_a_m1
LOBAS2,LBD2,AT1G06280,LBD2,LOBAS2_tnt.LBD2_col_a_m1
LOBAS2,LBD23,AT3G26620,LBD23,LOBAS2_tnt.LBD23_col_a_m1
LOBAS2,LOB,AT5G63090,LOB,LOBAS2_tnt.LOB_col_a_m1
MADS,AGL15,AT5G13790,AGL15,MADS_tnt.AGL15_col_a_m1
MADS,AGL16,AT3G57230,AGL16,MADS_tnt.AGL16_col_a_m1
MADS,AGL42,AT5G62165,AGL42,MADS_tnt.AGL42_col_a_m1
MADS,AGL55,AT1G60920,agl55,MADS_tnt.AGL55_col_a_m1
MADS,AGL6,AT2G45650,AGL6,MADS_tnt.AGL6_col_a_m1
MADS,FEM111,AT5G48670,"AGL80,FEM111",MADS_tnt.FEM111_col_a_m1
mTERF,AT5G23930,AT5G23930,NA,mTERF_tnt.AT5G23930_col_a_m1
MYB,ATY13,AT1G74650,"ATMYB31,ATY13",MYB_tnt.ATY13_col_a_m1
MYB,ATY19,AT3G23250,"ATY19,MYB15",MYB_tnt.ATY19_col_a_m1
MYB,BOS1,AT3G06490,"BOS1,MYB108",MYB_tnt.BOS1_col_a_m1
MYB,MS188,AT5G56110,"ATMYB80,MS188,MYB103",MYB_tnt.MS188_col_a_m1
MYB,MYB10,AT3G12820,AtMYB10,MYB_tnt.MYB10_col_a_m1
MYB,MYB101,AT2G32460,"ATM1,MYB101",MYB_tnt.MYB101_col_a_m1
MYB,MYB107,AT3G02940,MYB107,MYB_tnt.MYB107_col_a_m1
MYB,MYB23,AT5G40330,MYB23,MYB_tnt.MYB23_col_a_m1
MYB,MYB30,AT3G28910,"ATMYB30,MYB30",MYB_tnt.MYB30_col_a_m1
MYB,MYB3R4,AT5G11510,MYB3R-4,MYB_tnt.MYB3R4_col_a_m1
MYB,MYB3R5,AT5G02320,MYB3R-5,MYB_tnt.MYB3R5_col_a_m1
MYB,MYB4,AT4G38620,MYB4,MYB_tnt.MYB4_col200_a_m1
MYB,MYB49,AT5G54230,MYB49,MYB_tnt.MYB49_col_a_m1
MYB,MYB55,AT4G01680,MYB55,MYB_tnt.MYB55_col_m1
MYB,MYB60,AT1G08810,MYB60,MYB_tnt.MYB60_col_m1
MYB,MYB61,AT1G09540,"AtMYB61,MYB61",MYB_tnt.MYB61_col_a_m1
MYB,MYB62,AT1G68320,"BW62B,BW62C,MYB62",MYB_tnt.MYB62_col_a_m1
MYB,MYB63,AT1G79180,"ATMYB63,",MYB_tnt.MYB63_col_a_m1
MYB,MYB65,AT3G11440,MYB65,MYB_tnt.MYB65_col200_a_m1
MYB,MYB67,AT3G12720,"ATMYB67,ATY53",MYB_tnt.MYB67_col_a_m1
MYB,MYB83,AT3G08500,MYB83,MYB_tnt.MYB83_col_a_m1
MYB,MYB88,AT2G02820,MYB88,MYB_tnt.MYB88_col_a_m1
MYB,MYB93,AT1G34670,AtMYB93,MYB_tnt.MYB93_col_a_m1
MYB,MYB94,AT3G47600,MYB94,MYB_tnt.MYB94_col_b_m1
MYB,MYB96,AT5G62470,"MYB96,MYBCOV1",MYB_tnt.MYB96_col_b_m1
MYB,MYB99,AT5G62320,"ATMYBCU15,MYB99",MYB_tnt.MYB99_col_a_m1
MYBrelated,AT1G18960,AT1G18960,NA,MYBrelated_tnt.AT1G18960_col_a_m1
MYBrelated,AT1G19000,AT1G19000,NA,MYBrelated_tnt.At1g19000_col_a_m1
MYBrelated,AT1G49010,AT1G49010,NA,MYBrelated_tnt.At1g49010_col_a_m1
MYBrelated,AT1G72740,AT1G72740,NA,MYBrelated_tnt.AT1G72740_col_a_m1
MYBrelated,AT2G38090,AT2G38090,NA,MYBrelated_tnt.At2g38090_col_a_m1
MYBrelated,AT3G10113,AT3G10113,NA,MYBrelated_tnt.AT3G10113_col_a_m1
MYBrelated,AT3G10580,AT3G10580,NA,MYBrelated_tnt.AT3G10580_col_a_m1
MYBrelated,AT3G11280,AT3G11280,NA,MYBrelated_tnt.At3g11280_col_a_m1
MYBrelated,AT5G05790,AT5G05790,NA,MYBrelated_tnt.At5g05790_col_a_m1
MYBrelated,AT5G58900,AT5G58900,NA,MYBrelated_tnt.At5g58900_col_a_m1
MYBrelated,AT5G61620,AT5G61620,NA,MYBrelated_tnt.AT5G61620_col_a_m1
MYBrelated,LHY1,AT1G01060,"LHY,LHY1",MYBrelated_tnt.LHY1_col_a_m1
MYBrelated,TBP3,AT5G67580,"TBP3,TRB2",MYBrelated_tnt.TBP3_col_a_m1
MYBrelated,TRP2,AT3G46590,"TRFL1,TRP2",MYBrelated_tnt.TRP2_col_a_m1
NAC,ANAC005,AT1G02250,anac005,NAC_tnt.ANAC005_col_a_m1
NAC,ANAC011,AT1G32510,anac011,NAC_tnt.ANAC011_col_a_m1
NAC,ANAC013,AT1G32870,"ANAC013, ANAC13",NAC_tnt.ANAC013_col_a_m1
NAC,ANAC016,AT1G34180,anac016,NAC_tnt.ANAC016_col_a_m1
NAC,ANAC017,AT1G34190,NA,NAC_tnt.ANAC017_col_m1
NAC,ANAC020,AT1G54330,NA,NAC_tnt.ANAC020_col_v31_m1
NAC,ANAC028,AT1G65910,anac028,NAC_tnt.ANAC028_col_a_m1
NAC,ANAC038,AT2G24430,"ANAC038, ANAC039",NAC_tnt.ANAC038_col_a_m1
NAC,ANAC042,AT2G43000,anac042,NAC_tnt.ANAC042_col_a_m1
NAC,ANAC045,AT3G03200,anac045,NAC_tnt.ANAC045_col_a_m1
NAC,ANAC046,AT3G04060,NA,NAC_tnt.ANAC046_col_m1
NAC,ANAC050,AT3G10480,NA,NAC_tnt.ANAC050_col_v3a_m1
NAC,ANAC053,AT3G10500,NA,NAC_tnt.ANAC053_col_m1
NAC,ANAC055,AT3G15500,NA,NAC_tnt.ANAC055_col_m1
NAC,ANAC057,AT3G17730,anac057,NAC_tnt.ANAC057_col_a_m1
NAC,ANAC058,AT3G18400,anac058,NAC_tnt.ANAC058_col_a_m1
NAC,ANAC062,AT3G49530,NA,NAC_tnt.ANAC062_col_m1
NAC,ANAC070,AT4G10350,NA,NAC_tnt.ANAC070_col_m1
NAC,ANAC071,AT4G17980,anac071,NAC_tnt.ANAC071_col_a_m1
NAC,ANAC075,AT4G29230,ANAC075,NAC_tnt.ANAC075_col_a_m1
NAC,ANAC079,AT5G07680,NA,NAC_tnt.ANAC079_col_m1
NAC,ANAC083,AT5G13180,NA,NAC_tnt.ANAC083_col_v3a_m1
NAC,ANAC087,AT5G18270,NA,NAC_tnt.ANAC087_col_v3a_m1
NAC,ANAC092,AT5G39610,NA,NAC_tnt.ANAC092_col_v3a_m1
NAC,ANAC094,AT5G39820,anac094,NAC_tnt.ANAC094_col_a_m1
NAC,ANAC096,AT5G46590,NA,NAC_tnt.ANAC096_col_m1
NAC,ANAC103,AT5G64060,anac103,NAC_tnt.ANAC103_col_a_m1
NAC,AT1G19040,AT1G19040,NA,NAC_tnt.AT1G19040_col_a_m1
NAC,AT3G12910,AT3G12910,NA,NAC_tnt.AT3G12910_col_a_m1
NAC,ATAF1,AT1G01720,"ANAC002, ATAF1",NAC_tnt.ATAF1_col_a_m1
NAC,CUC1,AT3G15170,NA,NAC_tnt.CUC1_col_v31_m1
NAC,CUC2,AT5G53950,NA,NAC_tnt.CUC2_col_m1
NAC,CUC3,AT1G76420,"ANAC031, CUC3, NAC368",NAC_tnt.CUC3_col_a_m1
NAC,NAC2,AT5G04410,NA,NAC_tnt.NAC2_col_v3a_m1
NAC,NAP,AT1G69490,NA,NAC_tnt.NAP_col_v3a_m1
NAC,NST1,AT2G46770,NA,NAC_tnt.NST1_col_v31_m1
NAC,NTL8,AT2G27300,NA,NAC_tnt.NTL8_col_m1
NAC,SMB,AT1G79580,"ANAC033, SMB,URP7",NAC_tnt.SMB_col_a_m1
NAC,SND2,AT4G28500,"ANAC073, SND2",NAC_tnt.SND2_col_a_m1
NAC,SND3,AT1G28470,"ANAC010, SND3",NAC_tnt.SND3_col_b_m1
NAC,VND1,AT2G18060,"ANAC037, VND1",NAC_tnt.VND1_col_a_m1
NAC,VND2,AT4G36160,"ANAC076, VND2",NAC_tnt.VND2_col_a_m1
NAC,VND3,AT5G66300,NA,NAC_tnt.VND3_col_m1
NAC,VND4,AT1G12260,NA,NAC_tnt.VND4_col_m1
NAC,VND6,AT5G62380,NA,NAC_tnt.VND6_col_v31_m1
ND,ASHR1,AT2G17900,"ASHR1,SDG37",ND_tnt.ASHR1_col_a_m1
ND,AT2G28920,AT2G28920,NA,ND_tnt.AT2G28920_col_a_m1
ND,FRS9,AT4G38170,FRS9,ND_tnt.FRS9_col_a_m1
NLP,ATNLP4,AT1G20640,AtNLP4,NLP_tnt.AtNLP4_col_b_m1
Orphan,AT1G24250,AT1G24250,NA,Orphan_tnt.AT1G24250_col_a_m1
Orphan,BBX31,AT3G21890,BBX31,Orphan_tnt.BBX31_col_a_m1
REM,REM19,AT1G49480,"REM19,RTV1",REM_tnt.REM19_col_a_m1
RWPRK,RKD2,AT1G74480,AtRKD2,RWPRK_tnt.RKD2_col_a_m1
TCP,AT1G69690,AT1G69690,NA,TCP_tnt.At1g69690_col_a_m1
TCP,AT1G72010,AT1G72010,NA,TCP_tnt.At1g72010_col_m1
TCP,AT2G45680,AT2G45680,NA,TCP_tnt.At2g45680_col_b_m1
TCP,AT5G08330,AT5G08330,NA,TCP_tnt.At5g08330_col_a_m1
TCP,TCP1,AT1G67260,TCP1,TCP_tnt.TCP1_col_a_m1
TCP,TCP14,AT3G47620,AtTCP14,TCP_tnt.TCP14_col_b_m1
TCP,TCP16,AT3G45150,TCP16,TCP_tnt.TCP16_col_a_m1
TCP,TCP17,AT5G08070,TCP17,TCP_tnt.TCP17_col_a_m1
TCP,TCP20,AT3G27010,"AT-TCP20,PCF1,TCP20",TCP_tnt.TCP20_col_a_m1
TCP,TCP24,AT1G30210,"ATTCP24,TCP24",TCP_tnt.TCP24_col_m1
TCP,TCP7,AT5G23280,TCP7,TCP_tnt.TCP7_col_a_m1
Trihelix,AT1G76870,AT1G76870,NA,Trihelix_tnt.AT1G76870_col_b_m1
Trihelix,AT3G14180,AT3G14180,NA,Trihelix_tnt.At3g14180_col_m1
Trihelix,AT3G25990,AT3G25990,NA,Trihelix_tnt.AT3G25990_col_a_m1
Trihelix,AT3G58630,AT3G58630,NA,Trihelix_tnt.AT3G58630_col_a_m1
Trihelix,AT5G05550,AT5G05550,NA,Trihelix_tnt.AT5G05550_col_a_m1
Trihelix,GT3A,AT5G01380,GT-3a,Trihelix_tnt.GT3a_col_a_m1
WRKY,WRKY11,AT4G31550,WRKY11,WRKY_tnt.WRKY11_col_a_m1
WRKY,WRKY14,AT1G30650,"AR411,WRKY14",WRKY_tnt.WRKY14_col_a_m1
WRKY,WRKY15,AT2G23320,WRKY15,WRKY_tnt.WRKY15_col_b_m1
WRKY,WRKY17,AT2G24570,WRKY17,WRKY_tnt.WRKY17_col_a_m1
WRKY,WRKY18,AT4G31800,WRKY18,WRKY_tnt.WRKY18_col_a_m1
WRKY,WRKY20,AT4G26640,WRKY20,WRKY_tnt.WRKY20_col_a_m1
WRKY,WRKY21,AT2G30590,WRKY21,WRKY_tnt.WRKY21_col_m1
WRKY,WRKY22,AT4G01250,WRKY22,WRKY_tnt.WRKY22_col_m1
WRKY,WRKY24,AT5G41570,WRKY24,WRKY_tnt.WRKY24_col_a_m1
WRKY,WRKY25,AT2G30250,WRKY25,WRKY_tnt.WRKY25_col_a_m1
WRKY,WRKY26,AT5G07100,WRKY26,WRKY_tnt.WRKY26_col_a_m1
WRKY,WRKY27,AT5G52830,WRKY27,WRKY_tnt.WRKY27_col_a_m1
WRKY,WRKY28,AT4G18170,WRKY28,WRKY_tnt.WRKY28_col_a_m1
WRKY,WRKY29,AT4G23550,WRKY29,WRKY_tnt.WRKY29_col_a_m1
WRKY,WRKY3,AT2G03340,WRKY3,WRKY_tnt.WRKY3_col_a_m1
WRKY,WRKY30,AT5G24110,WRKY30,WRKY_tnt.WRKY30_col_a_m1
WRKY,WRKY31,AT4G22070,WRKY31,WRKY_tnt.WRKY31_col_a_m1
WRKY,WRKY33,AT2G38470,WRKY33,WRKY_tnt.WRKY33_col_a_m1
WRKY,WRKY40,AT1G80840,WRKY40,WRKY_tnt.WRKY40_col_m1
WRKY,WRKY42,AT4G04450,WRKY42,WRKY_tnt.WRKY42_col_a_m1
WRKY,WRKY43,AT2G46130,WRKY43,WRKY_tnt.WRKY43_col_a_m1
WRKY,WRKY45,AT3G01970,WRKY45,WRKY_tnt.WRKY45_col_a_m1
WRKY,WRKY46,AT2G46400,WRKY46,WRKY_tnt.WRKY46_col_a_m1
WRKY,WRKY47,AT4G01720,WRKY47,WRKY_tnt.WRKY47_col_a_m1
WRKY,WRKY50,AT5G26170,WRKY50,WRKY_tnt.WRKY50_col_a_m1
WRKY,WRKY55,AT2G40740,WRKY55,WRKY_tnt.WRKY55_col_a_m1
WRKY,WRKY59,AT2G21900,WRKY59,WRKY_tnt.WRKY59_col_a_m1
WRKY,WRKY6,AT1G62300,WRKY6,WRKY_tnt.WRKY6_col_a_m1
WRKY,WRKY65,AT1G29280,WRKY65,WRKY_tnt.WRKY65_col_a_m1
WRKY,WRKY7,AT4G24240,WRKY7,WRKY_tnt.WRKY7_col_m1
WRKY,WRKY70,AT3G56400,WRKY70,WRKY_tnt.WRKY70_col_m1
WRKY,WRKY71,AT1G29860,WRKY71,WRKY_tnt.WRKY71_col_a_m1
WRKY,WRKY75,AT5G13080,WRKY75,WRKY_tnt.WRKY75_col_a_m1
WRKY,WRKY8,AT5G46350,WRKY8,WRKY_tnt.WRKY8_col_m1
zfGRF,AT3G42860,AT3G42860,NA,zfGRF_tnt.AT3G42860_col_a_m1